Artist Name,Song Name,Sum Lyrics
Ed Sheeran,Legacy,used to be the type of kid that would always think the sky is falling Why am  so differently wired? Am  a martian? What kind of twisted experiment am  involved in? If you fall 'll get you there 'll be your savior from all the wars that are fought Inside your world Please have faith in my words
Ed Sheeran,W.T.P.,White trash party is a song by rapper Drake. The song was released on August 1 2013. The track is a collection of songs with lyrics written by Drake. White trash is one of Drake's most popular songs.
Ed Sheeran,My Mom,Nathanial Storms sings about his mom's drug habit. Storms says he's like his mom: 'm on what 'm on 'cause 'm my mom He says his mom used to put Valium in everything he ate and drank. The song is called My Valium My Vaa-liummmm
Ed Sheeran,Yellow Brick Road,Journey with me as  take you through this nifty little place That  once used to call home sweet home 'd roam the streets so much they'd call me a drifter Sometimes 'd stick up a thumb just to hitchhike We don't fit in crackers is out with Cactus albums
Ed Sheeran,Just Lose It,Shady's back is a new rap album by rapper Dr Dre. The song is full of references to child molestation allegations. 'm just psycho  go a little bit crazy sometimes the rapper says. It's Friday and it's my day Just to party all the way to Sunday
Eminem,UNI,found your hair band on my bedroom floor The only evidence that you'd been here before And  don't get waves of missing you anymore. So am  close to you anymore if it's over? And there's no chance that we'll work it out  That's why you and  ended over U N .
Eminem,Nightmares,'ve been rhyming forever got a blind flow. So  can see an off note with my eyes closed. But to achieve your dreams you can't doze off cause you dream a sleep 'm only hitting the sack when 'm training Too busy trying to keep up with the latest snooze
Eminem,New Man,heard he spent five hundred pounds on jeans Goes to the gym at least six times a week Wears boat shoes with no socks on his feet And  heard he's on a new diet and watches what he eats. Your new man rents a house in the burb and wears a man bag on his shoulder but  call it a purse Every year he goes to Malaga with all the fellas drinks beer but has a six pack. He wears sunglasses indoors in winter at nighttime and every time a rap song comes on He makes a gun sign says chune boydem light up the room.
Eminem,Give Me Love,Give me love like her 'Cause lately 've been waking up alone Paint splattered teardrops on my shirt Told you 'd let them go  And that 'll fight my corner Maybe tonight 'll call ya After my blood turns into alcohol No  just wanna hold ya  Give a little time to me or burn this out We'll play hide and seek to turn this around All  want is the taste that your lips allow.
Eminem,Shape Of You,One week in we let the story begin We're going out on our first date (mmmm) We talk for hours and hours about the sweet and the sour And how your family is doing okay. And leave and get in a taxi then kiss in the backseat Tell the driver make the radio play And 'm singing like Girl you know  want your love.
Eminem,You,These thoughts  have could be clear ones and they can seem vivid the goals  reach are not near ones the further than limits  block her out so when 'm looking through my mind she ain't in it Can  be free for a minute can  be me for aminute? The thoughts  has can be dark ones even be smart ones Know 'm gonna have a couple straight from the heart ones Tell you what  think  will until  depart mum It's you that  lived for  am the first and the last one to love you lots.
Eminem,Lego House,'m gonna pick up the pieces and build a Lego house If things go wrong we can knock it down My three words have two meanings but there's one thing on my mind It's all for you. And it's dark in a cold December but 've got you to keep me warm If you're broken  will mend ya and keep you sheltered from the storm that's raging on.
Taylor Swift,Stay Beautiful,Cory's eyes are like a jungle He smiles it's like the radio He whispers songs into my window In words that nobody knows There's pretty girls on every corner That watch him as he's walking home Saying Does he know? Will you ever know?  You're beautiful Every little piece love And don't you know You're really gonna be someone Ask anyone And when you find everything you looked for  hope your life leads you back to my door Oh but if it don't Stay beautiful  Cory finds another way to be The highlight of my day 'm taking pictures in my mind So  can save them for a rainy day It's hard to make a conversation When he's taking my breath away  should say hey by the way  You're beautiful Every little piece love And don't you know You're really gonna be someone Ask anyone And when you find everything you looked for  hope your life leads you back to my door Oh but if it don't Stay beautiful  If you and  are a story That never gets told If what you are is a daydream 'll never get to hold At least you'll know  You're beautiful Every little piece love And don't you know You're really gonna be someone Ask anyone And when you find everything you looked for  hope your life leads you back to my front door Oh but if it don't Will you stay Beautiful beautiful beautiful Beautiful beautiful beautiful? La la la Oh oh oh oh Oh but if it don't Stay beautiful Stay beautiful Na na na na na
Taylor Swift,Fifteen,You take a deep breath and you walk through the doors It's the morning of your very first day You say Hi to your friends you ain't seen in a while Try and stay out of everybody's way It's your freshman year and you're gonna be here For the next four years in this town Hoping one of those senior boys will wink at you and say You know  haven't seen you around before.  'Cause when you're fifteen and somebody tells you they love you You're gonna believe them And when you're fifteen Feeling like there's nothing to figure out Well count to ten take it in This is life before you know who you're gonna be Fifteen  You sit in class next to a redhead named Abigail And soon enough you're best friends Laughing at the other girls who think they're so cool We'll be out of here as soon as we can And then you're on your very first date and he's got a car And you're feeling like flying And your mamma's waiting up and you're thinking he's the one And you're dancing 'round your room when the night ends When the night ends  'Cause when you're fifteen and somebody tells you they love you You're gonna believe them When you're fifteen And your first kiss makes your head spin 'round But in your life you'll do things greater than dating the boy on the football team But  didn't know it at fifteen  When all you wanted was to be wanted Wish you could go back and tell yourself what you know now  Back then  swore  was gonna marry him someday But  realized some bigger dreams of mine And Abigail gave everything she had to a boy who changed his mind And we both cried  'Cause when you're fifteen and somebody tells you they love you You're gonna believe them And when you're fifteen Don't forget to look before you fall 've found time can heal most anything And you just might find who you're supposed to be  didn't know who  was supposed to be at fifteen  La la la la la la la La la la la la la la La la la la la la la  Your very first day Take a deep breath girl Take a deep breath as you walk through the doors
Rihanna,Shut Up And Drive,'ve been looking for a driver who is qualified So if you think that you're the one step into my ride 'm a fine-tuned supersonic speed machine With a sunroof top and a gangster lean.  got class like a '57 Cadillac Got overdrive with a whole lot of boom in the back You look like you can handle what's under my hood You keep saying that you will boy  wish you would.
Rihanna,A Girl Like Me,The song is about a girl who is just a little different from all the rest. She is never gonna settle for second best. She wants to know if a boy like you would take all my dreams and make them true. Show me all the reasons you ought to be with a girl like me (Girl like me)
Rihanna,Pon De Replay,Come Mr. DJ song pon de replay Come Mr.DJ won't you turn the music up? All the gyal pon the dance floor wanting some more what. Everybody on the floor let me show you how we do Let's go dip it low then you bring it up slow Wind it up one time wind it back once more. Everybody in the club give me a run (Run) If you ready to move say it (Yeah)
Rihanna,Wait Your Turn,It's just the way the game is played It's best if you just wait your turn  Sometimes it takes a thousand tries to win The wait is over Fumble don't you fumble that's a flag on the play Babe if you don't wanna then you don' have to wait But together we gon' be taking over.
Rihanna,Talk That Talk,Everything  do is big (Who y'all talking to?)  talk big money  talkbig homes  sell out arenas  call that getting dome Million dollar voice came through phone We heading to the top if you coming come on 'm flying out to Pisa just to get some pizza Fly down to Jamaica just to roll some reefer Sex on the beach left love speechless They say that money talk tell these other niggas speak up.
Rihanna,Let Me,'ve been watching you from way 'cross the room Won't ya come and rock it out with me? 'm the girl in the seven inch heels  got my keys in my hand Maybe S's on my arms so guess you know what it is  think that it's about time we leave 'Cause boy you're my type
Ariana Grande,Piano,could write a song with my new piano  could sing about how love is a losing battlehe says. 'd rather make a song they can play on the radio That makes you wanna dance                                     he adds. So hold up and take it through the night And you should follow through to make it alright
Ariana Grande,You Don't Know Me,You want a perfect picture to believe in? Then you can't be looking for me then  don't need to live by your rules (You don't control me) Until you've walked a mile in my shoes The girl you see in photographs is only a part of the one  am There's more to see my love
Coldplay,Colour Spectrum,Because each has been sent as a guide
Coldplay,Up&Up,Fixing up a car driving it again Searching for the water hoping for the rain Up and up up and up  Down upon the canvas working meal to meal. See a pearl form a diamond in the rough See a bird soaring high above the flood. Underneath the storm an umbrella is saying Sitting with the poison takes away the pain. We're gonna get it get it together right now.
Maroon 5,Moves Like Jagger,Adam Levine: Take me by the tongue and 'll know you Christina Aguilera: If  share my secret You're gonna have to keep it  won't show you twice Head to toe ooh baby rub me right yeah Take control own me just for the night
Michael Jackson,Rock With You,Girl close your eyes Let that rhythm get into you Don't try to fight it There ain't nothin' that you can do Relax your mind Lay back and groove with mine You gotta feel that heat And we can ride the boogie Share that beat of love   wanna rock with you (all night) Dance you into day (sunlight)  wanna rock with you (all night) We're gonna rock the night away (rock right)  Out on the floor There ain't nobody there but us Girl when you dance There's a magic that must be love Just take it slow 'Cause we got so far to go When you feel that heat And we're gonna ride the boogie Share that beat of love   wanna rock with you (all night) Dance you into day (sunlight)  wanna rock with you (all night) We're gonna rock the night away  And when the groove is dead and gone (yeah) You know that love survives So we can rock forever on   wanna rock with you  wanna groove with you   wanna rock with you  wanna groove with you   wanna rock (all night) with you girl (sunlight) Rock with you rock with you girl (yeah) (all night) Dance the night away   wanna rock with you (yeah) (all night) Rock you into day (sunlight)  wanna rock with you (all night) Rock the night away Feel the heat feel the beat Rock you into day (sunlight)  wanna rock – rock the night away
Michael Jackson,Touch The One You Love,If  had a penny For every time  didn't hold your hand If  had a nickel For every time  didn't understand 'd be the world's poorest millionaire 'Cause you're not there And no one ever told me What you already knew If  had only reached out  might still be touching you  You've got to touch the one you love If you want the one you love to touch you You've got to touch the one you love If you want the one you love to touch you You've got you've gotta to touch You gotta touch the one who loves you You've got you've gotta to touch You gotta touch the one who loves you   would get embarrassed For every time a movie made you cry You get sentimental And  would never know the reason why 'd hold the world's highest record For my selfish pride Is it really over? Can  get close to you?  only want to show you That 've learned a thing or two  Touch the one you love If you want the one you love to touch You've got to touch the one you love If you want the one you love to touch You got to touch the one you love If you want the one you love to touch You've got to touch the one you love If you want the one you love to touch you You got to touch the one you love If you want the one you love to touch You've got to touch the one you love If you want the one you love to touch You got to touch the one you love If you want the one you love to touch You've got to touch the one you love If you want the one you love to touch You got to touch the one you love If you want the one you love to touch You've got to touch the one you love If you want the one you love to touch
Michael Jackson,Keep The Faith,If you called out loud Would it get inside Through the heart of your surrender To your alibis? And you can say the words Like you understand But the power's in believing Give yourself a chance. All you need is the will to want it And a little self-esteem  So keep the faith.
Michael Jackson,Butterflies,Butterflies Da de-de-da da de- de-da (La-la-aa-ah) Butterflies inside  All you got to do is walk away and pass me by Don't acknowledge my smile When  try to say hello to you yeah And all you gotta do is not answer my call.
Michael Jackson,Come Together,Here come ol' flat top He come groovin' up slowly He's got Joo Joo eyeball He one holy roller He got hair down to his knees Got to be a joker he just do what he please Check  He wear no shoe shine He's Got toe jam football He'sGot monkey finger He shoot Coca-Cola He say  know you you know me One thing  can tell you is you got to be free.
One Direction,Everything About You,Zayn Malik: You have always been the only one  wanted And  wanted you to know without you  can't face it. Niall Horan: There's something about your laugh that it makes me wanna have to. Louis Tomlinson: Every minute's like the last so let's just take it real slow.
Ariana Grande,Love Me Harder,[Ariana Grande:] Tell me something I need to know Then take my breath and never let it go If you just let me invade your space I'll take the pleasure take it with the pain. If in the moment I bite my lip Baby in that moment you'll know this is Something bigger than us and beyond bliss Give me a reason to believe it.,neutral
Coldplay,Lovers In Japan / Reign Of Love,[Lovers In Japan]  Lovers keep on the road you're on Runners until the race is run Soldiers you've got to soldier on Sometimes even the right is wrong  They are turning my head out To see what I'm all about Keeping my head down To see what it feels like now But I have no doubt One day we're gonna get out  Tonight maybe we're gonna run Dreaming of the Osaka sun Oh oh Dreaming of when the morning comes  They are turning my head out To see what I'm all about Keeping my head down To see what it feels like now But I have no doubt One day the sun will come out  [Reign Of Love]  One two three  Reign of love I can't let go To the sea I offer this heavy load Locust wind Lift me up I'm just a prisoner in a reign of love  Locust wind Here I stop How I wish I'd spoken up To a reign of love  Reign of love by the church we're waiting Reign of love on my knees go praying How I wish I'd spoken up Away get carried on a reign of love,neutral
Coldplay,Twisted Logic,Sunlight opened up my eyes To see for the first time it opened them up And tonight rivers will run dry Not for the first time rivers will run  Hundreds of years in the future There could be computers looking for life on Earth Don't fight for the wrong side say what you feel like Say how you feel  You go backwards but then You go forwards again You go backwards but then You go  Created then drilled and invaded If somebody made it someone will mess it up And you are not wrong to ask Who does this belong to? It belongs to all of us  You go backwards but then You go forwards again You go backwards but then You go forwards You go backwards but then You go forwards again You go backwards but then You go forwards,neutral
Coldplay,Always In My Head,I think of you I haven't slept I think I do But I don't forget My body moves Goes where I will But though I try my heart stays still It never moves Just won't be led  And so my mouth waters to be fed And you're always in my head  You're always in my head You're always in my head You're always in my head  You're always in my head Always in my... Always in my...  This I guess is to tell you you're chosen out from the rest...,neutral
Coldplay,Army Of One,Been around the world the wonders to view Been around the world looking for someone like you Pyramids try Babylon too But the beautifullest treasures lie in the deepest blue  So I never say die aim never untrue I'm never so high as when I'm with you And there isn't a fire that I wouldn't walk through My army of one is gonna fight for you  Been around the world the universe too Been around flying baby it's nothing I wouldn't do Tanzaku stars lasso the moon And be standing there beside you right When the storm comes through  'Cause I never say die aim never untrue Never so high as when I'm with you And there isn't a fire that I wouldn't walk through My army of one is gonna fight for you My army of one is gonna fall for you yeah!  'Cause you reign all 'cause you reign All 'cause you reign My army of one is gonna call it through  Saying my heart is my gun army of one Yeah my heart is my gun army of one It's my only weapon army of one Saying my heart is my gun army of one,neutral
Coldplay,Til Kingdom Come,One two  Steal my heart and hold my tongue I feel my time my time has come Let me in unlock the door I've never felt this way before  And the wheels just keep on turning The drummer begins to drum I don't know which way I'm going I don't know which way I've come  Hold my head inside your hands I need someone who understands I need someone someone who hears For you I've waited all these years  For you I'd wait 'til kingdom come Until my day my day is done And say you'll come and set me free Just say you'll wait you'll wait for me  In your tears and in your blood In your fire and in your flood I hear you laugh I heard you sing I wouldn't change a single thing  And the wheels just keep on turning The drummers begin to drum I don't know which way I'm going I don't know what I've become  For you I'd wait 'til kingdom come Until my days my days are done Say you'll come and set me free Just say you'll wait you'll wait for me Just say you'll wait you'll wait for me Just say you'll wait you'll wait for me,neutral
Coldplay,Yellow,Look at the stars Look how they shine for you And everything you do Yeah they were all yellow  I came along I wrote a song for you And all the things you do And it was called Yellow  So then I took my turn Oh what a thing to have done And it was all yellow  Your skin Oh yeah your skin and bones Turn into something beautiful Do you know You know I love you so You know I love you so  I swam across I jumped across for you Oh what a thing to do 'Cause you were all yellow  I drew a line I drew a line for you Oh what a thing to do And it was all yellow  Your skin Oh yeah your skin and bones Turn into something beautiful Do you know For you I'd bleed myself dry For you I'd bleed myself dry  It's true Look how they shine for you Look how they shine for you Look how they shine for Look how they shine for you Look how they shine for you Look how they shine  Look at the stars Look how they shine for you And all the things that you do,neutral
Ed Sheeran,Medicine Ball,Slim Shady Mecca is a song written and performed by New York City rapper Rebecca. The song is a parody of Eminem's hit song Eminem I won't rape all the Pussycat Dolls? Nicole you kidding?  I'll pee on Rihanna See man I do what I wanna Spray perfume in the sauna room Crazy-gluing Madonna To the La-Z-Boy sofa,neutral
Ed Sheeran,Underground,A lot of people ask me Where the fuck I've been at the last few years Shit I don't know But I do know I'm back now Haha. I'm underground  Six semen samples seventeen strands of hair Found in the back of a van after the shoot with Vanity Fair Hannah Montana prepare to elope with a can opener.,neutral
Ed Sheeran,Hell Breaks Loose,I want the fans jumping I want the fists pumping in the air I don't look like a millionaire But I feel like a million bucks ladies won't ya fill your cups? Shady's come to feel ya up are you a D or a C cup? You could even be a B it's just me and D-R-E You'll be in the ER we are strapped with so much TNT We may blow no not even CPR from the EMTs Could help you to resuscitate you busters must be flustered wait You can't cut the mustard.,neutral
Ed Sheeran,Evil Deeds,The song was written by Edna 'n Charles and Charles Edna. The song is about a young boy who is left on the street by his parents. The boy is eventually taken in by his great aunt and uncle who sing the song to him. He also sings about his mother and father.,neutral
Ed Sheeran,Say Goodbye Hollywood,I thought I had it all figured out I did I wasn't tough enough to juggle two things at once If I could swallow a bottle of Tylenol I would and end it for good This is not a game this fame in real life this is sick,neutral
Ed Sheeran,Old Time's Sake,I'm Dre from back in the day From N.W.A from black and the gray From choking a bitch to smacking her face From stacking up bodies to racking AKs up I'm still hungry and I'm back with a tapeworm. So one more time for old time's sake Dre drop that beat and scratch that break Now just blow a little bit of that smoke my way And let's go (You are now smoking with the best),neutral
Ed Sheeran,Bagpipes From Baghdad,Nick Cannon better back the fuck up I'm not playin' I want her back you punk This is Hello Kitty bedspread Satin Funk Mixed with Egyptian with a little rap and punk Zapp and Eric Clapton Shaft Frank Zappa crunk. I'm the Miracle Whip trickster My signature sound when a tube of lipstick's around I'm bound to put it on in an instant.,neutral
Ed Sheeran,Rap God,I'm beginning to feel like a Rap God Rap God I'm a product of Rakim Lakim Shabazz 2Pac N.W.A. Cube hey Doc Ren Yella Eazy You don't really wanna get into a pissing match With this rappity brat Packing a MAC in the back of the Ac Backpack rap crap yap-yap yackety-yack,neutral
Ed Sheeran,Not Afraid,Everybody (everybody) Come take my hand (come takeMy hand) We'll walk this road together through the storm Whatever weather cold or warm Just letting you know that you're not alone Holler if you feel like you've been down the same road (same road)  Yeah it's been a ride I guess I had to go to that place to get to this one,neutral
Eminem,Barcelona,Well get up up on the dancefloor tonight I've got two left feet and a bottle of red wine Making me feel like the beat and the bassline Are in my blood both hands upon her waistline Get on up baby dance to the rhythm of the music Don't care what the DJ chooses Get lost in the rhythm of me Place don't close until we wanna leave it  You and I we're flying on an aeroplane tonight We're going somewhere where the sun is shining bright Just close your eyes and let's pretend we're dancing in the street In Barcelona Barcelona Barcelona Barcelona  Well get up up on the dancefloor move it's a Saturday night I fell in love with the sparkle in the moonlight Reflected in your beautiful eyes I guess that is destiny doing it right And dance like they do in the Mediterranean Spin you around me again and again and You're like something that God has sent me I want you baby solamente  You and I we're flying on an aeroplane tonight We're going somewhere where the sun is shining bright Just close your eyes and let's pretend we're dancing in the street In Barcelona Barcelona Barcelona Barcelona Barcelona Barcelona Oh Barcelona  So let's pretend we're dancing in the street In Barcelona Las Ramblas I'll meet you we'll dance around La Sagrada Familia Drinking Sangria mi niña te amo mi cariño Mamacita rica si tú te adoro señorita Los otros viva la vida Come on let's be free in Barcelona Las Ramblas I'll meet ya come on and dance with me in Barcelona Drinking Sangria I just want to be in Barcelona Mamacita rica feel that summer breeze in Barcelona Los otros viva la vida siempre vida Barcelona,neutral
Eminem,Nancy Mulligan,I was twenty four years old When I met the woman I would call my own Twenty two grand kids now growing old In the house that your brother bought ya  On the summer day when I proposed I made that wedding ring from dentist gold And I asked her father but her daddy said No You can't marry my daughter  She and I went on the run Don't care about religion I'm gonna marry the woman I love Down by the Wexford border She was Nancy Mulligan And I was William Sheeran She took my name and then we were one Down by the Wexford border  Well I met her at Guy's in the second world war And she was working on a soldier's ward Never had I seen such beauty before The moment that I saw her Nancy was my yellow rose And we got married wearing borrowed clothes We got eight children now growing old Five sons and three daughters  She and I went on the run Don't care about religion I'm gonna marry the woman I love Down by the Wexford border She was Nancy Mulligan And I was William Sheeran She took my name and then we were one Down by the Wexford border  From her snow white streak in her jet black hair Over sixty years I've been loving her Now we're sat by the fire in our old armchairs You know Nancy I adore ya  From a farm boy born near Belfast town I never worried about the king and crown Cause I found my heart upon the southern ground There's no difference I assure ya  She and I went on the run Don't care about religion I'm gonna marry the woman I love Down by the Wexford border She was Nancy Mulligan And I was William Sheeran She took my name and then we were one Down by the Wexford border,neutral
Eminem,Grade 8,My mind is a warrior My heart is a foreigner My eyes are the colour of red like a sunset I'll never keep it bottled up And left to the hands of the coroner Be a true heart not a follower We're not done yet.  And I see it in your movements tonight If we should ever do this right I'm never gonna let you down Oh I'll never let you down Now keep it on the down low And I'll keep you around so I'll know That I'll never let you down I'll never let you down.  You're strumming on my heart strings like you were a grade 8 but I've never felt this way I'll pick your feet up off of the ground and never ever let you down Now you're strumming on my heart strings like you were a grade 8 but I've never felt this way I'll pick your feet up off of the ground and never ever let you down  Now my eyes are a river filler This drink is a liver killer My chest is a pillow for your weary head to lay to rest again Your body is my ballpoint pen And your mind is my new best friend Your eyes are the mirror to take me to the edge again  Now I see it in your movements tonight If we should ever do this right I'm never gonna let you down Oh I'll never let you down We'll keep it on the down low And I'll keep you around so I'll know That I'll never let you down I'll never let you down  You're strumming on my heart strings like you were a grade 8 but I've never felt this way I'll pick your feet up off of the ground and never ever let you down You're strumming on my heart strings like you were a grade 8 but I've never felt this way I'll pick your feet up off of the ground and never ever let you down  Hold my heart to stop me bleeding now now now and I'll never let you down [x4]  'Cause You're strumming on my heart strings like you were a grade 8 but I've never felt this way I'll pick your feet up off of the ground and never ever let you down You're strumming on my heart strings like you were a grade 8 but I've never felt this way I'll pick your feet up off of the ground and never ever let you down,neutral
Eminem,What Do I Know?,Ain't got a soapbox I can stand upon But God gave me a stage a guitar and a song My daddy told me Son don't you get involved In politics religions other peoples' quarrels.  I'll paint the picture let me set the scene I know when I have children they will know what it means And I'll pass on these things my family's given to me Just love and understanding positivity.,neutral
Lana Del Rey,Off To The Races,My old man is a bad man But I can't deny the way he holds my hand And he grabs me he has me by my heart  He doesn't mind I have a Las Vegas past He doesn’t mind I has a LA crass Way about me He loves me With every beat of his cocaine heart. I'm your little scarlet starlet Singing in the garden Kiss me on my open mouth Ready for you.,neutral
Lana Del Rey,Diet Mountain Dew,Diet Mountain Dew baby New York City: Can we hit it now low-down and gritty? Do you think we'll be in love forever?  Let's take Jesus off the dashboard Got enough on his mind We both know just what we're here for Saved too many times Maybe I like this roller coaster Maybe it keeps me high Maybe the speed it brings me closer I could sparkle up your eye.,neutral
Lana Del Rey,Religion,Everything is fine now Let sleeping dogs lay All our minds made up now All our beds are made No one's out of time no Chips fall wherever they may Leave it all behind Let the ocean wash away  It never was about the money or the drugs For you there's only love For you there's only love It never was about the party or the clubs For you there's only love  'Cause you're my religion you're how I'm living When all my friends say I should take some space Well I can't envision that for a minute When I'm down on my knees you're how I pray  Hallelujah I need your love Hallelujah I need your love  Everything is bright now No more cloudy days Even when the storms come In thee I will stay No need to survive now All we do is play All I hear is music Like Lay Lady Lay  It never was about the money or the drugs With you there's only love With you there's only love It never was about the party or the clubs For you there's only love  'Cause you're my religion you're how I'm living When all my friends say I should take some space Well I can't envision that for a minute When I'm down on my knees you're how I pray  Hallelujah I need your love Hallelujah I need your love  You're my religion you're how I'm living When all my friends say I should take some space Well I can't envision that for a minute When I'm down on my knees you're how I pray  Hallelujah I need your love Hallelujah I need your love,neutral
Lana Del Rey,Blue Jeans,Blue jeans white shirt Walked into the room you know you made my eyes burn It was like James Dean for sure You're so fresh to death and sick as ca-cancer  You were sorta punk rock I grew up on hip-hop But you fit me better Than my favourite sweater And I know that love is mean And love hurts But I still remember That day we met in December Oh baby!  I will love you 'til the end of time I would wait a million years Promise you'll remember that you're mine Baby can you see through the tears? Love you more Than those bitches before Say you'll remember oh baby say you'll remember oh baby ooh I will love you 'til the end of time  Big dreams gangster Said you had to leave to start your life over I was like No please stay here. We don't need no money we can make it all work.  But he headed out on Sunday Said he'd come home Monday I stayed up waitin' Anticipatin' and pacin' But he was chasing paper Caught up in the game. That was the last I heard  I will love you 'til the end of time I would wait a million years Promise you'll remember that you're mine Baby can you see through the tears? Love you more Than those bitches before Say you'll remember oh baby say you'll remember oh baby ooh I will love you 'til the end of time  You went out every night And baby that's alright I told you that no matter what you did I'd be by your side 'Cause I'mma ride or die Whether you fail or fly Well shit at least you tried.  But when you walked out that door A piece of me died I told you I wanted more But that's not what I had in mind I just want it like before We were dancing all night Then they took you away Stole you out of my life You just need to remember...  I will love you 'til the end of time I would wait a million years Promise you'll remember that you're mine Baby can you see through the tears? Love you more Than those bitches before Say you'll remember oh baby say you'll remember oh baby ooh I will love you 'til the end of time,neutral
Michael Jackson,Loving You,Hello August moon where are the stars of the night? You promised me too soon 'cause it's been cloudy all night And the weatherman said if you're not well stay in bed 'Cause I've been feelin' down and blue and it's cloudy in my head Instead of going out to some restaurant I'll stay home in bed  I'll be loving you that's what I wanna do I'll be loving you that's what I wanna do  Hello midnight lover you're the one I adore And I'll be thinking of ya 'til the stars are no more If it's cloudy or blue I'll stay here with you We'll make a wish and then we'll kiss our love forever true Instead of going out to some restaurant I'll stay here with you  And I'll be loving you that's what I wanna do I'll be loving you that's what I want to do  It seems you don't know we reached the highest mountain Every time I seem to disappear And together we will fly we'll dance up in the heavens I can really feel it when you're near oh-hoo  And the weatherman said if you're not well stay in bed 'Cause I've been feelin' down and blue and it's cloudy in my head Instead of going out to some restaurant I'll stay home in bed  But I'll be loving you that's what I wanna do I'll be loving you that's what I wanna do I'll be loving you that's what I wanna do I'll be loving you that's what I wanna do I'll be loving you that's what I want to do (n'doo doo doo I'll be loving you) I'll be loving you that's what I want to do ('cause you're always on my mind) Loving you that's what I want to do (n'doo doo doo loving you) Loving you that's what I want to do (always on my mind) Loving you that's what I wanna do I'll be loving you that's what I wanna do I'll be loving you that's what I want to do (always on my mind) Loving you that's what I want to do Loving you that's what I want to do,neutral
Michael Jackson,Heal The World,Think about—um—the generations and they say we wanna make it a better place for our children and our children's children so that they they they know it's a better world for them. There's a place in your heart And I know that it is love And this place could be much brighter than tomorrow  And if you really try You'll find there's no need to cry.,neutral
Michael Jackson,Beat It,They told him Don't you ever come around here Don't wanna see your face you better disappear The fire's in their eyes and their words are really clear So beat it just beat it (Ooh!) No one wants to be defeated Showin' how funky and strong is your fight It doesn't matter who's wrong or right Just beat it.,neutral
Michael Jackson,Hollywood Tonight,[Michael Jackson:] Lipstick in hand Tahitian tanned in her painted on jeans She dreams of fame she changed her name To one that fits the movie screen She's headed for the big time that means  She's going Hollywood she's going Hollywood tonight She's going Hollywood she's going Hollywood tonight She's going Hollywood she's going Hollywood tonight It's true that you may never ever have that chance again That chance again babe  Westbound Greyhound to Tinseltown to pursue her movie star dreams And she's giving hot tricks to men just to get in She was taught that that's not clean She's headed for the big time that means  She's going Hollywood she's going Hollywood tonight She's going Hollywood she's going Hollywood tonight She's going Hollywood she's going Hollywood tonight It's true that you may never ever have that chance again That chance again babe  [Taryll Jackson (Michael Jackson):] She gave up her life to follow her dreams (Again babe) Left behind everything for the movie scene Nothing more she could want she was determined to follow her plan She wanted Hollywood she wanted it bad Now that she got her dream she became a star It all looked so good but only good from afar Imprisoned in every paparazzi's camera every guy wished they could Now it's back to reality for Ms. Hollywood  [Michael Jackson:] Lipstick in hand Tahitian tanned in her painted on jeans She dreams of fame she changed her name To one that fits the movie screen She's headed for the big time that means  She's going Hollywood she's going Hollywood tonight She's going Hollywood she's going Hollywood tonight She's going Hollywood she's going Hollywood tonight It's true that you may never ever have that chance again That chance again babe You know it baby  [Michael Jackson {Taryll Jackson}:] Westbound Greyhound to Tinseltown To pursue her movie star dreams (That chance again babe) {She's Hollywood she's Hollywood} Westbound Greyhound to Tinseltown To pursue her movie star dreams (That chance again babe) {She's Hollywood she's Hollywood} You know it baby Westbound Greyhound to Tinseltown To pursue her movie star dreams (Again babe) {She's Hollywood she's Hollywood} Westbound Greyhound to Tinseltown To pursue her movie star dreams (Again babe)  [Taryll Jackson:] She's Hollywood she's Hollywood She's Hollywood she's Hollywood Hollywood she's Hollywood Hollywood she's Hollywood She's Hollywood she's Hollywood,neutral
Michael Jackson,On The Line,No sense pretending it's over Hard times just don't go away You gotta take that chip off your shoulder It's time you open up have some faith  Nothing good ever comes easy All good things come in due time (yes it does) You gotta have something to believe in I'm telling you to open your mind hee  Gotta put your heart on the line If you wanna make it right You've got to reach out and try Gotta put your heart on the line If you wanna get it right Gotta put it all on the line  You see yourself in the mirror And you don't like what you see ooh And things aren't getting much clearer Don't you think it's time you go for a change oh  Don't waste your time on the past no no It's time you look to the future oh It's all right there if you ask This time if you try much harder You'll be the best that you can be oh  Gotta put your heart on the line If you wanna make it right You've got to reach out and try Gotta put your heart on the line If you wanna get it right Gotta put it all on the line  If you wanna make it right (If you wanna make it right) And you wanna do it now (Do it now) Then you gotta learn to try (Then you gotta learn to try) And you'll make it work somehow (Make it work somehow) No nothing in life comes free And that's just the way it is now You gotta go for what you want You gotta know what you've got to stand for  Gotta put your heart on the line (Gotta put it all on the line you and me) If you wanna make it right (Hoo!) You've got to reach out and try (Hoo! You and me!) Gotta put your heart on the line (Gotta put it all gotta put it all) If you wanna get it right (Hoo hoo hee!) Gotta put it all on the line (Hee!)  Gotta put your heart on the line If you wanna make it right You've got to reach out and try Gotta put your heart on the line If you wanna get it right Gotta put it all on the line  Gotta put your heart on the line If you wanna make it right You've got to reach out and try Gotta put your heart on the line If you wanna get it right Gotta put it all on the line,neutral
Michael Jackson,In The Closet,There is something I have to say to you If you promise you'll understand I cannot contain myself when in your presence I'm so humble Touch me don't hide our love Woman to man  She's just a lover who's doing me by It's worth the giving it's worth  the try You cannot cleave it or put it in the furnace You cannot wet it you cannot burn it  She wants to give it She wants to give it Oh she wants to give it (Dare me) Just promise me whenever we say (And we get it) Or whatever we do to each other For now we will be making a vow (Never knew) To just keep it in the closet.,neutral
Michael Jackson,2000 Watts,[Teddy Riley:] You may now apply (You may now apply) Your 3D glasses (Your 3D glasses) As we proceed prepare for proceed 2000 watts 2000 watts 2000 watts 2000 watts 2000 watts 2000 watts 2000 watts 2000 2000  Bass note treble stereo control how low you go Give you just enough to make your juices flow Press play don't stop rotate too hot You feel I'm real I'm everything you need so tell me what's the deal  2000 watts (2000) 8 ohms (What?) 200 volts real strong Too much of that fuse blown Be careful what you say don't overload 2000 watts 8 ohms 200 volts real strong Too much of that fuse blown Be careful what you say don't overload  3D high speed feedback Dolby Release two or three when I reach I can go 'til I hit my peak Compact steelo chico D-Lo high-post lady Shorty really wanna be there for me  2000 watts (Come on now) 8 ohms 200 volts (Yeah) real strong Too much of that fuse blown Be careful what you say don't overload (Yeah) 2000 watts 8 ohms (yeah) 200 volts real strong Too much of that fuse blown Be careful what you say don't overload  [Teddy Riley (Michael Jackson):] We now prepare to take you to the next level (Yeah) 2000 watts (2000) 8 ohms (Alright now) 200 volts (Are you ready?) Voltage high  [Teddy Riley {Michael Jackson}:] 2000 watts (What?) 2000 watts 2000 watts 2000 watts {Dolby) 2000 watts (What?) 2000 watts 2000 watts 2000 watts (Three-Dimensional) 3D high speed {High speed} feed 20ack Dolby (Baby) Relea00 watte two or three {3D} when I reach I can go 'til I hit my peak {3D 3D 3D now} Compact {Come on} steelo chico D-Lo high-post lady Shorty really wanna be there for me 8 ohms 200 volts real strong Too much of that fuse blown Be careful what you say don't overload 2000 watts 8 ohms 200 volts real strong Too much of that fuse blown Be careful what you say don't overload  Dance Don't you overload baby,neutral
Michael Jackson,Give In To Me,She always takes it with a heart of stone 'Cause all she does is throws it back to me I've spent a lifetime looking for someone Don't try to understand me Just simply do the things I say  Love is a feeling Give it when I want it 'Cause I'm on fire Quench my desire Give it when I want it Talk to me woman Give in to me give in to me  You always knew just how to make me cry And never did I ask you questions why It seems you get your kicks from hurting me Don't try to understand me Because your words just aren't enough  Love is a feeling Quench my desire Give it when I want it Takin' me higher Love is a woman I don't wanna hear it Give in to me give in to me  You and your friends were laughing at me in town But it's okay yes it's okay You won't be laughing girl when I'm not around I'll be okay And I'd I'd never find Better a peace of mind no  Don't try to tell me Because your words just aren't enough  Love is a feeling Quench my desire Give it when I want it Takin' me higher Talk to me woman Love is a feeling Give in to me give in to me give in to me Oh love is a feeling I don't wanna hear it Quench my desire Takin' me higher Tell it to the preacher Satisfy the feeling Give in to me give in to me  I don't wanna I don't wanna I don't wanna hear it Give in to the fire Talk to me woman Quench my desire I'd like a lady Talk to me baby Give in to me Give in to the fire Give in to me Give in to me Give in to me Love is wrong Give in to me Give in to me Give in to me Give in to me 'Cause I'm on fire Talk to me woman Quench my desire Give in to the feeling,neutral
Michael Jackson,One More Chance,Uh huh alright  This time Gonna do my best to make it right Can't go on without you by my side Hold on  Shelter Come and rescue me out of this storm And out of this cold I need someone Oh why? Oh why? Why? Why?  If you see her tell her this from me All I need is  One more chance at love One more chance at love One more One more chance at love One more chance at love See. One more  One more chance at love One more chance at love One more One more chance at love Alright One more chance at love  Searching For that one who is gonna make me whole Help me make these mysteries unfold Hold on  Lightning About to strike and rain only on me Hurt so bad sometimes it's hard to breathe Oh why? Why?  If you see her tell her this from me All I need is  One more chance at love One more chance at love One more One more chance at love One more chance at love One more chance for love  One more chance at love One more chance at love One more One more chance at love One more chance at love  And I would walk around this world to find her And I don't care what it takes. No Why? I'd sail the seven seas to be near her And if you happen to see her See tell her this from me  One more chance at love Yeah yeah One more chance at love Tell her this from me (Yeah yeah) That is alright babe! One more chance at love Yeah yeah One more chance at love One more chance at loving  One more chance at love One more chance at love Loving you One more chance at love I can't find One more chance at love Loving you (Yeah) One more chance at love Yeah one more  One more chance at love One more chance at love For love One more chance at love One more chance at love Yeah I can't stop  One more chance at love One more chance at love Loving you One more chance at love I can't stop Loving you One more chance at love  I can't stop One more chance at love Loving you One more chance at love  I can't stop One more chance at love Loving you (Yeah yeah) (Hoo!) One more chance at love I can't stop One more chance at love Loving you,neutral
Michael Jackson,The Lady In My Life,There'll be no darkness tonight Lady our love will shine (Lighting the night) Just put your trust in my heart And meet me in paradise (Now is the time) Girl you're every wonder in this world to me A treasure time won't steal away.,neutral
Michael Jackson,Tabloid Junkie,Slander is a song by American singer-songwriter John Lennon. The song is a response to the current political climate. Lennon: Why do we keep fooling ourselves? Just because you read it in a magazine Or see it on the TV screen Don't make it factual Though everybody wants to read all about it,neutral
One Direction,Little Things,[Zayn:] Your hand fits in mine like it's made just for me But bear this in mind it was meant to be And I'm joining up the dots with the freckles on your cheeks And it all makes sense to me...  [Liam:] I know you've never loved the crinkles by your eyes when you smile You've never loved your stomach or your thighs  The dimples in your back at the bottom of your spine But I'll love them endlessly  [Zayn & Liam:] I won't let these little things Slip out of my mouth But if I do It's you Oh it's you They add up to I'm in love with you And all these little things  [Louis:] You can't go to bed without a cup of tea And maybe that's the reason that you talk in your sleep And all those conversations are the secrets that I keep Though it makes no sense to me  [Harry:] I know you've never loved the sound of your voice on tape You never want to know how much you weigh  You still have to squeeze into your jeans But you're perfect to me  [Harry & Niall:] I won't let these little things Slip out of my mouth But if it's true It's you It's you They add up to I'm in love with you And all these little things  [Niall:] You'll never love yourself half as much as I love you And you'll never treat yourself right darlin' but I want you to If I let you know I'm here for you Maybe you'll love yourself like I love you oh  [Harry:] I've just let these little things Slip out of my mouth 'Cause it's you Oh it's you It's you they add up to And I'm in love with you And all these little things  [Everyone:] I won't let these little things Slip out of my mouth But if it's true It's you It's you They add up to I'm in love with you And all your little things,neutral
One Direction,Change My Mind,The end of the night We should say goodbye But we carry on While everyone’s gone  Never felt like this before Are we friends or are we more? As I’m walking towards the door I’m not sure  But baby if you say you want me to stay I’ll change my mind 'Cause I don’t wanna know I’m walking away If you’ll be mine Won’t go won’t go So baby if you say you want me to stay stay for the night I’ll change my mind.  Lean in when you laugh We take photographs There’s no music on But we dance along  Never felt like this before Are we friends or are we more? As I’m walking towards the door I’m not sure.  But baby if you say you want me to stay I’ll change my mind 'Cause I don’t wanna know I’m walking away If you’ll be mine Won’t go won’t go So baby if you say you want me to stay stay for the night I’ll change my mind.  I’ll change my mind.  Baby if you say you want me to stay I’ll change my mind  But baby if you say you want me to stay I’ll change my mind 'Cause I don’t wanna know I’m walking away If you’ll be mine Won’t go won’t go So baby if you say you want me to stay stay for the night I’ll change my mind.,neutral
One Direction,Kiss You,[Zayn:] Oh I just wanna take you anywhere that you'd like We could go out any day any night Baby I'll take you there take you there Baby I'll take you there yeah  [Harry:] Oh tell me tell me tell me how to turn your love on You can get get anything that you want Baby just shout it out shout it out Baby just shout it out yeah  [Liam:] And if you You want me too Let's make a move  Yeah so tell me girl if every time we  [All:] To-o-uch You get this kind of ru-u-ush Baby say yeah yeah yeah yeah yeah yeah If you don't wanna take it slow And you just wanna take me home Baby say yeah yeah yeah yeah yeah  [Harry:] And let me kiss you  [Zayn:] Oh baby baby don't you know you got what I need Looking so good from your head to your feet Come on come over here over here Come on come over here yeah  [Niall:] Oh I just wanna show you off to all of my friends Making them drool down their chinny-chin-chins Baby be mine tonight mine tonight Baby be mine tonight yeah  [Liam:] And if you You want me too Let's make a move  [Zayn:] Yeah so tell me girl if every time we  [All:] To-o-uch You get this kind of ru-u-ush Baby say yeah yeah yeah yeah yeah yeah If you don't wanna take it slow (c'mon) And you just wanna take me home Baby say yeah yeah yeah yeah yeah  [Zayn:] And let me kiss you And let me kiss you And let me kiss you And let me kiss you And let me kiss you  [All:] C'mon Na na na na na na na na Na na na na na na na na Na na na na na na na na  [Louis:] Yeah so tell me girl if every time we  To-o-uch You get this kind of ru-u-ush Baby say yeah yeah yeah yeah yeah yeah If you don't wanna take it slow And you just wanna take me home Baby say yeah yeah yeah yeah yeah yeah  Every time we to-o-uch You get this kind of ru-u-ush Baby say yeah yeah yeah yeah yeah yeah If you don't wanna take it slow And you just wanna take me home Baby say yeah yeah yeah yeah yeah  [Harry:] And let me kiss you,neutral
One Direction,You & I,[Niall:] I figured it out I figured it out from black and white Seconds and hours Maybe they had to take some time  [Liam:] I know how it goes I know how it goes for wrong and right Silence and sound Did they ever hold each other Tight like us? Did they ever fight like us?  [Harry:] You & I We don't want to be like them We can make it 'til the end Nothing can come between You & I Not even the gods above Could separate the two of us No nothing can come between You & I Oh you & I  [Zayn:] I figured it out Saw the mistakes of up and down Meet in the middle There's always room for common ground  [Louis:] I see what it's like I see what it's like for day and night Never together 'Cause they see things in a different light Like us They never tried like us  [Harry:] You & I We don't want to be like them We can make it 'til the end Nothing can come between You & I Not even the gods above Could separate the two of us  [Zayn:] 'Cause you & I [All:] We don't want to be like them We can make it 'til the end Nothing can come between you & I Not even the gods above Could separate the two of us No nothing can come between You & I  [Zayn:] You & I  [Harry:] Oh you & I [x2]  [Zayn:] We can make it if we try You & I  [Harry:] Oh you & I You & I,neutral
One Direction,Little White Lies,If this room was burning I wouldn't even notice 'Cause you've been taking up my mind With your little white lies little white lies.  You say it's getting late It's getting late And you don't know if you can stay If you can stay.  But you you don't tell the truth No you you like playing games  Your hands touching me they're touching me. And your eyes keep saying things. They say of what we do When it's only me and you. I can't concentrate.  That's all I'm thinking about. All I keep thinking about Everything else just fades away.  If this room was burning I wouldn't even notice 'Cause you've been taking up my mind. With your little white lies little white lies.  You say you're a good girl But I know you would girl 'Cause you've been telling me all night. With your little white lies little white lies. With your little white lies little white lies.  Back seat of the cab We're in the cab. My lips getting so attached They're so attached.  Now you wanna make some rules Now cool—then we'll watch them break tonight.  I know what you want And I've been waiting so long.  If this room was burning I wouldn't even notice 'Cause you've been taking up my mind. With your little white lies little white lies.  You say you're a good girl But I know you would girl 'Cause you've been telling me all night. With your little white lies little white lies. With your little white lies little white lies.  I know you want it I know you feel it too. Let's stop pretending. That you don't know what I don't know Just what we came to do.  If this room was burning I wouldn't even notice 'Cause you've been taking up my mind. With your little white lies little white lies.  You say you're a good girl But I know you would girl 'Cause you've been telling me all night. With your little white lies little white lies. With your little white lies little white lies.,neutral
One Direction,Clouds,I know you said that you don't like it complicated That we should try to keep it simple But love is never ever simple no  Someday you're gonna see the things that I see You're gonna want the air that I breathe You're gonna wish you never left me  Here we go again Another go round for all of my friends Another non stop will it ever end Here we go again Another go round for all of my friends Another non stop will it ever end  We're never coming back down We're looking down on the clouds  I know you said that you don't like it complicated That you were tired of all the changes But love is always always changing woah  Someday you're gonna see the things that I see You're gonna want the air that I breathe You're gonna wish you'd never left me  Here we go again Another go round for all of my friends Another non stop will it ever end Here we go again Another go round for all of my friends Another non stop will it ever end  We're never coming back down We're looking down on the clouds  And we go and we go and we go and we don't stop But we don't no we don't no we don't ever grow up And we go and we go and we go and we don't stop But we don't no we don't no we don't ever grow up  Here we go again Another go round for all of my friends Another non stop will it ever end Here we go again Another go round for all of my friends Another non stop will it ever end (Here we go again)  Here we go again Another go round for all of my friends (Here we go again) Another non stop will it ever end Here we go again (Here we go again) Another go round for all of my friends Another non stop will it ever end (Here we go again),neutral
One Direction,A.M.,Won't you stay 'til the A.M.? All my favourite conversations Always made in the A.M. (yeah yeah)  Feels like this could be forever tonight Break these clocks forget about time There could be a World War 3 goin' on outside You and me were raised in the same part of town Got these scars on the same ground Remember how we used to kick around just wasting time?  Won't you stay 'til the A.M.? All my favourite conversations Always made in the A.M. Cause we don't know what we're saying We're just swimming round in our glasses And talking out of our asses Like we're all gonna make it (yeah yeah)  Feels like this could be forever right now Don't wanna sleep cause we're dreaming out loud Trying to behave but you know that we never learned how You and me were raised in the same part of town Got these scars on the same ground Remember how we used to kick around just wasting time?  Won't you stay 'til the A.M.? All my favourite conversations Always made in the A.M. Cause we don't know what we're saying We're just swimming round in our glasses And talking out of our asses Like we're all gonna make it (yeah yeah)  You know I'm always coming back to this place You know And I'll say You know I'm always gonna look for your face You know  Won't you stay 'til the A.M.? All my favourite conversations Always made in the A.M. Cause we don't know what we're saying We're just swimming round in our glasses And talking out of our asses Like we're all gonna make it (yeah yeah)  Won't you stay 'til the A.M.? You know I'm always coming back to this place Won't you stay 'til the A.M.? (yeah yeah) You know Won't you stay 'til the A.M.? You know I'm always gonna look for your face Won't you stay 'til the A.M.? (yeah yeah),neutral
One Direction,They Don't Know About Us,People say we shouldn't be together We're too young to know about forever But I say they don't know what they're talk-talk-talkin' about (talk- talk- talkin'about)  'Cause this love is only getting stronger So I don't wanna wait any longer I just wanna tell the world that you're mine girl.,neutral
One Direction,Same Mistakes,[Harry] Circles we’re going in circles Dizzy’s all it makes us We know where it takes us We've been before Closer maybe looking closer There's more to discover Find out what went wrong without blaming each other  [Zayn] Think that we got more time When we're falling behind Gotta make up our minds  Or else we'll play play play all the same old games And we wait wait wait for the end to change And we take take take it for granted that we’ll be the same But we're making all the same mistakes  [Liam] Wake up we both need to wake up Maybe if we face up to this We can make it through this Closer maybe we'll be closer Stronger than we were before yeah Make this something more yeah  [Zayn] Think that we got more time When we're falling behind Gotta make up our minds  Or else we'll play play play all the same old games And we wait wait wait for the end to change And we take take take it for granted that we’ll be the same But we're making all the same mistakes  Yeah yeah that's what crazy is When it's broken you say there's nothing to fix And you pray pray pray that everything will be okay While you're making all the same mistakes  [Liam] Don't look back But if we don't look back We’re only learning then How to make all same mis- same mistakes again  So we play play play all the same old games (same mistakes) And we wait wait wait for the end to change (when nothing's gonna change) And we take take take it for granted that we’ll be the same (well nothing's gonna be the same) But we're making all the same mistakes  Yeah yeah that's what crazy is (crazy is) When it's broken you say there's nothing to fix (there's nothing to fix) And you pray pray pray that everything will be okay (everything will be okay) While you're making all the same mistakes,neutral
One Direction,Alive,My mother told me I should go and get some therapy I asked the doctor Can you find out what is wrong with me? I don't know why I wanna be with every girl I meet. I can't control it. Yeah I know it's taking over me. I'm going crazy. Can't contain it. So tell me just what I should do?  She said Hey it's alright. Does it make you feel alive? Don't look back Live your life Even if it's only for tonight. She said Hey it's alright If it makes you feel alive.  Went to a party just after the doctor talked to me I met a girl I took her right up to the balcony I whispered something in her ear that I just can't repeat She said OK but she was worried what her friends will think She's going crazy Can't contain it She asked me What should I do oh?  I said Hey it's alright. Does it make you feel alive? Don't look back Live your life Even if it's only for tonight. I said Hey it's alright If it makes you feel alive.  We got to live before we get older Do what we like We got nothing to lose Shake off the weight of the world from your shoulders Oh we got nothing to prove  I said Hey it's alright. Does it make you feel alive? Don't look back Live your life Even if it's only for tonight.  I said Hey it's alright. Does it make you feel alive? Don't look back Live your life Even if it's only for tonight. I said Hey it's alright If it makes you feel alive.,neutral
One Direction,Up All Night,[Liam:] It feels like we've been livin' in fast forward Another moment passing by (Up up up all night) The party's ending but it's now or never Nobody's going home tonight. [Zayn:] Don't even care about the table breaking We only wanna have a laugh. I'm only thinking 'bout this girl I'm seeing I hope she'll wanna kiss me back.,neutral
Rihanna,Rude Boy,Come here rude boy boy boy can you get it up? Take it take it (Yeah) baby baby (Yeah) Take ittake it ( yeah) love me love me  Tonight I'ma let you be the captain Tonight I'saLet you do your thing yeah. Giddy-up giddy up giddy-ups babe. Do you like it? Give it to me baby like boom boom boom What I want want want is what you want wants want want Nah nah-ah ,neutral
Rihanna,Pour It Up,Throw it up throw it up Watch it all fall out Pour it up pour it up That's how we ball out Throw it up throw it up Watch it all fall out Pour it up pour it up That's how we ball out  Strip clubs and dollar bills I still got mo' money Patron shots can I get a refill I still got mo' money Strippers going up and down that pole And I still got mo' money Four o'clock and we ain't going home cause I still got mo' money Money make the world go round I still got mo' money Bands make your girl go down I still got mo' money Lot more where that came from I still got mo' money The look in your eyes I know you want some And I still got mo' money  Oh-oh-oh oh oh-oh-oh All I see is signs all I see is dollar signs Oh-oh-oh oh oh-oh-oh Money on my mind money money on my mind Throw it throw it up Watch it fall out from the sky  Throw it up throw it up Watch it all fall out Pour it up pour it up That's how we ball out Throw it up throw it up Watch it all fall out Pour it up pour it up That's how we ball out  That's how we ball out That's how we ball out That's how we ball out  Valet cost a hundred bill and I still got mo' money Gold all up in my grill I still got mo' money Who cares how you haters feel and I still got mo' money Call Jay up and close a deal I still got mo' money My fragrance on and they love my smell I still got mo' money So who cares about what I spend I still got mo' money My pockets deep and they never end I still got mo' money I'm going dumb with all my friends I still got mo' money  Oh-oh-oh oh oh-oh-oh All I see is signs all I see is dollar signs Oh-oh-oh oh oh-oh-oh Money on my mind money money on my mind Throw it throw it up Watch it fall out from the sky  Throw it up throw it up Watch it all fall out Pour it up pour it up That's how we ball out Throw it up throw it up Watch it all fall out Pour it up pour it up That's how we ball out  That's how we ball out That's how we ball out That's how we ball out,neutral
Rihanna,Fool In Love,Mama I found a man Who loves me and understands Papa he's quite a man He adores me he's my biggest fan And don't get me wrong I know he's not perfect in your eyes But somehow he's flawless in mine  And you may tell me to run run now But I can't do that We're too far down the hole He's got a hold on my soul  So I guess I'm a fool I'm a fool in love But I'm willing to stay here And bask in the glory of his heart I guess I'm a fool in love But I'm willing to look so stupid 'Til I've had enough Mama don't judge me now I'm not trying to hurt you I know this won't make you proud Papa did I let you down? Are you ashamed of how your little girl turned out?  You'll see a monster I see a smile You say it's danger And I'm in denial But somehow I feel so safe right now  So I guess I'm a fool I'm a fool in love But I'm willing to stay here And bask in the glory of his heart I guess I'm a fool in love But I'm willing to look so stupid 'Til I've had enough,neutral
Rihanna,California King Bed,Chest to chest (Chest to chest) Nose to nose (Nose to nose) Palm to palm We were always just that close (Just that close) Wrist to wrist (Wrist to wrist) Toe to toe (Toe to toe) Lips that felt just like the inside of a rose  So how come when I reach out my finger It feels like more than distance between us?  In this California king bed We're ten thousand miles apart I've been California wishing on these stars For your heart for me My California king  Eye to eye (Eye to eye) Cheek to cheek (Cheek to cheek) Side by side You were sleeping next to me (Oh next to me) Arm in arm Dusk to dawn With the curtains drawn And a little last night on these sheets  So how come when I reach out my fingers It seems like more than distance between us?  In this California king bed  We're ten thousand miles apart I've been California wishing on these stars For your heart for me My California king  Just when I felt like giving up on us You turned around and gave me one last touch That made everything feel better And even then my eyes got wetter So confused wanna ask you if you love me But I don't wanna seem so weak Maybe I've been California dreaming Hey hey hey hey  In this California king bed We're ten thousand miles apart Been California wishing on these stars For your heart for me My California king  My California king  In this California king bed We're ten thousand miles apart I've been California wishing on these stars For your heart for me My California king,neutral
Rihanna,Watch N' Learn,Won't say a thing About the way you love me Except for I like the way I love the wayyou touch me If I toot it leave it tooted up Then I drop it drop it Till ya making faces And look like you wanna Tell me stop it I'mma do it do itDo it 'Til you can't take no more 'T Til my lipstick ain't up on my face no more. On the bed on the floor on the couch Only 'cause your lips ain't make it to my mouth Just because I can't kiss back Doesn't mean you can’t kiss that.,neutral
Taylor Swift,Style,Midnight You come and pick me up no headlights Long drive Could end in burning flames or paradise Fade into view oh it's been a while since I have even heard from you (heard from you)  I should just tell you to leave 'cause I Know exactly where it leads but I Watch us go 'round and 'round each time  You got that James Dean daydream look in your eye And I got that red lip classic thing that you like And when we go crashing down we come back every time 'Cause we never go out of style We never go out of style  You got that long hair slicked back white t-shirt And I got that good girl faith and a tight little skirt And when we go crashing down we come back every time 'Cause we never go out of style We never go out of style  So it goes He can't keep his wild eyes on the road Takes me home Lights are off he's taking off his coat hmm yeah I say I heard oh that you've been out and about with some other girl some other girl.  He says What you've heard is true but I Can't stop thinking about you and I I said I've been there too a few times.  'Cause you got that James Dean daydream look in your eye And I got that red lip classic thing that you like And when we go crashing down we come back every time 'Cause we never go out of style We never go out of style  You got that long hair slicked back white t-shirt And I got that good girl faith and a tight little skirt (tight little skirt) And when we go crashing down we come back every time 'Cause we never go out of style (We never go we never go) We never go out of style  Take me home Just take me home yeah Just take me home (Out of style)  You got that James Dean daydream look in your eye And I got that red lip classic thing that you like And when we go crashing down (when we go) We come back every time 'Cause we never go out of style We never go out of style,neutral
Taylor Swift,You Belong With Me,You're on the phone with your girlfriend She's upset she's going off about something that you said 'Cause she doesn't get your humor like I do  I'm in the room it's a typical Tuesday night I'm listening to the kind of music she doesn't like And she'll never know your story like I do  But she wears short skirts I wear T-shirts She's cheer captain And I'm on the bleachers Dreaming about the day when you wake up and find That what you're looking for has been here the whole time  If you could see That I'm the one Who understands you Been here all along So why can't you see You belong with me You belong with me  Walk in the streets with you in your worn-out jeans I can't help thinking this is how it ought to be Laughing on a park bench thinking to myself Hey isn't this easy?  And you've got a smile That could light up this whole town I haven't seen it in a while Since she brought you down  You say you're fine I know you better than that Hey what you doing with a girl like that?  She wears high heels I wear sneakers She's cheer captain And I'm on the bleachers Dreaming about the day when you wake up and find That what you're looking for has been here the whole time  If you could see That I'm the one Who understands you Been here all along So why can't you see You belong with me  Standing by and waiting at your backdoor All this time how could you not know baby? You belong with me You belong with me  Oh I remember you driving to my house In the middle of the night I'm the one who makes you laugh When you know you're 'bout to cry I know your favorite songs And you tell me about your dreams Think I know where you belong Think I know it's with me  Can't you see That I'm the one Who understands you? Been here all along So why can't you see You belong with me  Standing by and waiting at your backdoor All this time how could you not know baby? You belong with me You belong with me  You belong with me  Have you ever thought just maybe You belong with me? You belong with me,neutral
